Subregion_1,n,median_sc,p_value
Australia and New Zealand,2,0.756303116155566,0.3339039714725355
Central America,1,0.3634628049795007,0.3339039714725355
Eastern Asia,11,0.7312516026044852,0.3339039714725355
Eastern Europe,1,0.8045928915776525,0.3339039714725355
Northern America,15,0.2166231384422534,0.3339039714725355
Northern Europe,15,0.36346280497950056,0.3339039714725355
South America,1,0.08650940619017543,0.3339039714725355
South-eastern Asia,2,0.43876159387463753,0.3339039714725355
Southern Asia,1,0.13993843034755565,0.3339039714725355
Southern Europe,10,0.5077206591329786,0.3339039714725355
Western Africa,1,0.2918082246186358,0.3339039714725355
Western Asia,2,0.17986473344992382,0.3339039714725355
Western Europe,16,0.41888346044486297,0.3339039714725355
