Country_1,n,median_sc,p_value
Australia,2,0.756303116155566,0.0317513613646303
Austria,4,0.5914598392889819,0.0317513613646303
Brazil,1,0.08650940619017543,0.0317513613646303
Canada,2,0.5757735766371019,0.0317513613646303
China,7,0.8045928915776525,0.0317513613646303
Cyprus,1,0.06134632377539774,0.0317513613646303
Denmark,1,0.9999999999999998,0.0317513613646303
Finland,1,0.36901757212944875,0.0317513613646303
Germany,3,0.16354391339887547,0.0317513613646303
Ghana,1,0.2918082246186358,0.0317513613646303
Greece,1,0.06134632377539777,0.0317513613646303
"Hong Kong SAR, China",1,0.404303335344229,0.0317513613646303
India,1,0.13993843034755565,0.0317513613646303
Ireland,1,0.06134632377539781,0.0317513613646303
Italy,3,0.7338029304496799,0.0317513613646303
Japan,2,0.3276355147990682,0.0317513613646303
Mexico,1,0.3634628049795007,0.0317513613646303
Netherlands,9,0.9708397497987318,0.0317513613646303
Norway,1,0.40430333534422896,0.0317513613646303
Portugal,3,0.7911341491581719,0.0317513613646303
Romania,1,0.8045928915776525,0.0317513613646303
South Korea,1,0.027509842541442682,0.0317513613646303
Spain,3,0.21662313844225334,0.0317513613646303
Sweden,5,0.36346280497950056,0.0317513613646303
Thailand,2,0.43876159387463753,0.0317513613646303
Turkey,1,0.2983831431244499,0.0317513613646303
United Kingdom,6,0.24027324183469442,0.0317513613646303
United States,13,0.21662313844225325,0.0317513613646303
