Journal,community,n_editors,median_evc,mean_evc,max_evc,gini_evc,gini_corrected
Sustainability Science,1,22,0.3634628049795007,0.4239978232943422,0.9708397497987318,0.1855628011293409,0.19439912499264284
Ecology and Society,1,12,0.36346280497950056,0.29379941385846264,0.5201767263085625,0.22139315780632618,0.2415198085159922
Environmental Innovation and Societal Transitions,1,14,0.3341133402856822,0.3549916214818418,0.8476055663128044,0.23869650779186255,0.2570577776220058
Earth Systems Governance,1,5,0.26392334522713545,0.1983182460714547,0.2918082246186358,0.27398835903922336,0.3424854487990292
Ecological Economics,1,10,0.21662313844225328,0.2690805647352748,0.8564630413900529,0.3286304436785118,0.36514493742056864
Current Opinion in Environmental Sustainability,1,9,0.16354391339887547,0.25088832054107635,0.7709208582181067,0.4012610703007407,0.4514187040883333
PNAS (Sustainability Science),1,7,0.1630221409960139,0.23036027010649193,0.5201767263085625,0.3795552595253344,0.4428144694462235
World Development,1,4,0.14341906709503904,0.15798595554279785,0.28163838781627737,0.274438718450019,0.365918291266692
Annual Review of Environment and Resources,1,3,0.08516899085027196,0.10704047600596946,0.1630221409960139,0.18703588313508016,0.28055382470262025
Journal of Industrial Ecology,2,12,0.9999999999999997,0.863264910558864,0.9999999999999999,0.12181427183712416,0.13288829654959
Journal of Cleaner Production,2,29,0.8045928915776525,0.8622396156502443,0.9999999999999999,0.06779966526598762,0.07022108188263003
Sustainable Production and Consumption,2,5,0.8045928915776525,0.6897553950456118,0.8564630413900529,0.1572563925483003,0.19657049068537535
International Journal of Sustainability in Higher Education,2,6,0.5694830336738842,0.49547004808997597,0.7911341491581722,0.32766858156866235,0.3932022978823948
"Environment, Development, and Sustainability",2,6,0.48330980369987575,0.4774944568498129,0.7880843482947032,0.3277225201579507,0.39326702418954085
Environmental Research Letters,3,3,0.06972030941493511,0.28435868010158105,0.7311936280349521,0.5306533791427137,0.7959800687140706
Global Environmental Change,4,2,0.18709934896792085,0.18709934896792085,0.26392334522713545,0.20530268192538315,0.4106053638507663
International Journal of Precision Engineering and Manufacturing-Green Technology,5,1,0.027509842541442682,0.027509842541442682,0.027509842541442682,NA,NA
International Journal of Sustainable Development and World Ecology,6,1,0.08650940619017543,0.08650940619017543,0.08650940619017543,NA,NA
Renewable and Sustainable Energy Reviews,7,5,0.06134632377539781,0.2448214977087337,0.7416853740930254,0.522083210808594,0.6526040135107425
Renewable Energy,7,5,0.06134632377539777,0.1890703488634632,0.7338029304496799,0.5976976016843636,0.7471220021054545
Sustainable Cities and Society,8,2,0.4275631301948696,0.4275631301948696,0.7312516026044852,0.35513875140637596,0.7102775028127519
Sustainable Development,9,2,0.749456093032467,0.749456093032467,0.7494560930324671,2.220446049250313e-16,4.440892098500626e-16
