community,n_journals,journals
1,9,Sustainability Science | Ecology and Society | Environmental Innovation and Societal Transitions | Earth Systems Governance | Ecological Economics | Current Opinion in Environmental Sustainability | PNAS (Sustainability Science) | World Development | Annual Review of Environment and Resources
2,5,"Journal of Industrial Ecology | Journal of Cleaner Production | Sustainable Production and Consumption | International Journal of Sustainability in Higher Education | Environment, Development, and Sustainability"
3,1,Environmental Research Letters
4,1,Global Environmental Change
5,1,International Journal of Precision Engineering and Manufacturing-Green Technology
6,1,International Journal of Sustainable Development and World Ecology
7,2,Renewable and Sustainable Energy Reviews | Renewable Energy
8,1,Sustainable Cities and Society
9,1,Sustainable Development
