resolution,n_communities,modularity,largest_community_size
0.1,3,0.39548753932872294,40
0.2,6,0.4123871451520649,31
0.3,6,0.4050920034409497,29
0.4,7,0.40253318482150763,29
0.5,9,0.3872108329707202,29
0.6,10,0.3827541098458416,29
0.7,11,0.34978913692553176,29
0.8,11,0.37628955792189284,29
0.9,11,0.3189998440078489,22
1,38,0.15277515510272222,14
1.1,39,0.13507734382768252,11
1.2,40,0.11958759689073889,9
1.3,40,0.11958759689073889,9
1.4,40,0.11958759689073889,9
1.5,41,0.11751043824672121,9
1.6,41,0.11751043824672121,9
1.7,41,0.11751043824672121,9
1.8,41,0.11751043824672121,9
1.9,41,0.11751043824672121,9
2,78,-0.015071487280254037,1
